Time,AF Correction 1,AF Learning 1 (%),Accel Position (%),Boost Extended,Dyn Adv Mult,Fine Knock Learn,Gear Position,MAF Corr Final,Oil Temp,RPM,Throttle Pos
0,-12.5,-7.81,5.5,-4.95,1,0,0,12.17,203,900,11.4
0.014,-12.5,-7.81,5.9,-4.49,1,0,0,12.6,203,914,11.4
0.017,-12.5,-7.81,6.7,-4.21,1,0,0,13.1,203,937,11.8
0.029,-13.28,-7.81,7.1,-3.97,1,0,0,13.79,203,978,12.2
0.113,-14.06,-7.81,9.4,-3.71,1,0,0,14.89,203,1039,14.2
0.198,-14.06,-7.81,9.8,-3.4,1,0,0,16.17,203,1083,16.1
0.232,-14.06,-7.81,7.8,-3.03,1,0,0,17.76,203,1127,14.2
0.297,-14.06,-7.81,3.9,-3.07,1,0,0,17.82,203,1190,11.8
0.381,-13.28,-7.81,3.5,-3.59,1,0,0,16.41,203,1258,10.6
0.438,-13.28,-7.81,3.9,-4.21,1,0,0,15.51,203,1311,11
0.518,-14.06,-7.81,3.9,-4.61,1,0,0,14.98,203,1332,11
0.583,-14.06,-7.81,4.3,-4.9,1,0,0,14.44,203,1330,11
0.638,-14.06,-7.81,4.3,-5.04,1,0,0,14.02,203,1311,11
0.706,-13.28,-7.81,4.7,-5.11,1,0,0,13.66,203,1281,11.4
0.78,-13.28,-7.81,4.7,-5.09,1,0,1,13.33,203,1244,11
0.843,-13.28,-7.81,4.7,-5.04,1,0,1,13.16,203,1220,11
0.899,-13.28,-7.81,5.1,-4.98,1,0,1,12.92,203,1182,11.4
0.989,-12.5,-7.81,5.5,-4.82,1,0,1,12.63,203,1128,11.4
1.056,-12.5,-7.81,5.5,-4.6,1,0,1,12.17,203,1057,11.4
1.132,-12.5,-7.81,5.9,-4.29,1,0,1,11.48,203,950,11.4
1.188,-12.5,-7.81,8.2,-4.02,1,0,1,11.9,203,953,13
1.257,-12.5,-7.81,12.2,-3.59,1,0,1,14.11,203,1052,16.5
1.333,-12.5,-7.81,16.9,-2.96,1,0,1,17.75,203,1175,18.1
1.389,-13.28,-7.81,18.4,-2.19,1,0,1,20.31,203,1230,22.4
1.458,-13.28,-7.81,18,-1.52,1,0,1,21.01,203,1204,21.7
1.526,-13.28,-7.81,17.6,-1.25,1,0,1,20.63,203,1181,20.1
1.604,-13.28,-7.81,18.4,-1.22,1,0,1,21.09,203,1209,22.4
1.681,-14.06,-7.81,18,-1.12,1,0,1,22.9,203,1290,20.9
1.738,-14.84,-7.81,17.6,-1.21,1,0,1,23.86,203,1383,21.3
1.817,-14.84,-7.81,16.9,-1.32,1,0,1,24.65,203,1432,21.7
1.889,-14.06,-7.81,16.9,-1.31,1,0,1,24.65,203,1427,22
1.954,-13.28,-7.81,16.9,-1.3,1,0,1,25.02,203,1444,21.7
2.012,-12.5,-7.81,16.5,-1.28,1,0,1,26.06,203,1510,22
2.066,-10.94,-7.81,16.1,-1.3,1,0,1,27.31,203,1600,22
2.126,-10.94,-7.81,16.1,-1.31,1,0,1,28.59,203,1673,22.4
2.2,-10.94,-7.81,15.3,-1.36,1,0,1,29,203,1715,21.3
2.265,-10.94,-7.81,14.1,-1.53,1,0,1,28.21,203,1728,20.1
2.308,-10.16,-7.81,13.3,-1.87,1,0,1,27.26,203,1748,18.9
2.367,-10.16,-7.81,13.3,-2.15,1,0,1,26.77,203,1781,18.5
2.444,-9.38,-7.81,12.9,-2.4,1,0,1,26.93,203,1852,18.1
2.507,-9.38,-7.81,12.9,-2.57,1,0,1,27.21,203,1944,18.1
2.587,-7.81,-7.81,12.2,-2.76,1,0,1,27.08,203,2006,17.7
2.64,-7.81,-7.81,7.8,-2.95,1,0,1,25.9,203,2038,16.5
2.698,-7.03,-7.81,0,-3.38,1,0,1,23.41,203,2038,13
2.766,-2.34,-7.81,0,-4.04,1,0,1,19.6,203,2049,11.4
2.843,2.34,-7.81,0,-5.34,1,0,1,15.38,203,2070,7.9
2.886,3.12,-7.81,0,-6.63,1,0,1,12.06,203,2075,5.5
2.95,3.12,-7.81,0,-7.91,1,0,1,9.7,203,2050,5.5
3.021,2.34,-7.81,0,-8.9,1,0,1,7.89,203,2019,5.5
3.074,2.34,-7.81,0,-9.61,1,0,1,6.83,203,1977,5.5
3.132,1.56,-7.81,0,-10.12,1,0,1,6.3,203,1928,5.5
3.19,0,-7.81,0,-10.47,1,0,1,5.94,203,1884,5.9
3.248,-0.78,-7.81,0,-10.68,1,0,1,5.67,203,1823,5.9
3.306,-0.78,-7.81,0,-10.8,1,0,1,5.54,203,1772,5.9
3.38,-0.78,-7.81,0,-10.86,1,0,1,5.44,203,1714,6.3
3.445,-0.78,-7.81,0,-10.88,1,0,1,5.37,203,1654,6.3
3.489,-0.78,-7.81,0,-10.85,1,0,2,5.37,203,1604,6.3
3.554,0,-7.81,0,-10.83,1,0,2,5.18,203,1554,5.1
3.608,0,-7.81,0,-10.9,1,0,2,4.9,203,1518,5.1
3.686,0,-7.81,0,-10.97,1,0,2,4.64,203,1468,5.1
3.75,0,-7.81,0,-11.01,1,0,2,4.55,203,1435,5.1
3.821,0,-7.81,0,-11.02,1,0,2,4.48,203,1418,5.1
3.875,0,-7.81,0,-11.01,1,0,2,4.38,203,1389,5.1
3.931,0,-7.81,0,-11.01,1,0,2,4.32,203,1363,5.1
3.983,0,-7.81,0,-10.99,1,0,2,4.29,203,1343,5.1
4.041,0,-7.81,0,-10.98,1,0,2,4.17,203,1302,5.1
4.103,0,-7.81,0,-10.97,1,0,2,4.07,203,1259,5.1
4.159,0,-7.81,0,-10.92,1,0,2,3.97,203,1214,5.1
4.217,0,-7.81,0,-10.88,1,0,2,3.94,203,1180,5.1
4.285,0,-7.81,0,-10.83,1,0,2,3.93,203,1143,5.1
4.338,0,-7.81,2.4,-10.76,1,0,2,3.87,203,1087,6.3
4.429,0,-7.81,10.2,-10.51,1,0,2,4.21,203,1011,11
4.492,0,-7.81,14.5,-9.82,1,0,3,5.57,203,964,11
4.547,0,-7.81,15.7,-8.96,1,0,2,7.68,203,992,11.8
4.632,0,-7.81,14.5,-7.77,1,0,2,11.17,203,1082,12.2
4.686,0,-7.81,13.3,-6.84,1,0,2,13.94,203,1208,13.8
4.753,0,-7.81,13.3,-5.94,1,0,2,17.66,203,1323,16.1
4.808,0,-7.81,13.3,-4.93,1,0,2,19.84,203,1415,16.9
4.866,0,-7.81,13.3,-4.1,1,0,2,21.5,203,1464,17.3
4.933,0,-7.81,13.7,-3.55,1,0,2,22.54,203,1509,17.7
4.988,-3.12,-7.81,13.7,-3.18,1,0,2,23.21,203,1535,18.1
5.066,-6.25,-7.81,14.5,-2.85,1,0,2,23.41,203,1520,18.9
5.131,-7.81,-7.81,14.9,-2.6,1,0,2,23.24,203,1467,18.9
5.189,-7.81,-7.81,15.3,-2.33,1,0,2,22.46,203,1384,18.9
5.255,-7.81,-7.81,15.7,-2.11,1,0,2,21.13,203,1302,18.5
5.307,-7.03,-7.81,15.7,-1.99,1,0,2,20.57,203,1298,17.7
5.397,-6.25,-7.81,16.5,-1.95,1,0,2,21.99,203,1417,19.7
5.452,-6.25,-7.81,16.1,-1.85,1,0,2,22.93,203,1440,19.7
5.508,-7.03,-7.81,15.7,-1.76,1,0,2,22.4,203,1387,19.3
5.566,-7.03,-7.81,16.1,-1.69,1,0,2,22,203,1380,18.9
5.653,-7.03,-7.81,16.1,-1.7,1,0,2,22.92,203,1480,19.7
5.707,-7.03,-7.81,15.3,-1.7,1,0,2,23.55,203,1507,19.7
5.788,-7.03,-7.81,15.3,-1.68,1,0,2,23.27,203,1489,19.3
5.852,-6.25,-7.81,15.3,-1.69,1,0,2,23.06,203,1495,19.3
5.909,-6.25,-7.81,15.3,-1.7,1,0,2,23.49,203,1541,19.3
5.967,-6.25,-7.81,15.3,-1.71,1,0,2,23.77,203,1567,19.7
6.041,-6.25,-7.81,14.1,-1.69,1,0,2,23.89,203,1565,19.3
6.095,-6.25,-7.81,14.5,-1.72,1,0,2,23.48,203,1563,18.9
6.151,-5.47,-7.81,13.7,-1.77,1,0,2,23.38,203,1572,19.3
6.209,-5.47,-7.81,13.7,-1.82,1,0,2,23.85,203,1627,18.5
6.293,-5.47,-7.81,12.5,-1.97,1,0,2,23.45,203,1641,18.1
6.346,-5.47,-7.81,11.4,-2.17,1,0,2,22.7,203,1645,16.9
6.422,-5.47,-7.81,10.2,-2.42,1,0,2,22.29,203,1678,16.5
6.474,-5.47,-7.81,10.2,-2.67,1,0,2,21.67,203,1710,15.7
6.531,-5.47,-7.81,10.2,-2.97,1,0,2,21.09,203,1713,16.1
6.586,-4.69,-7.81,10.2,-3.09,1,0,2,20.78,203,1704,16.1
6.646,-4.69,-7.81,10.2,-3.2,1,0,2,20.82,203,1724,16.1
6.721,-3.91,-7.81,10.6,-3.29,1,0,2,21.04,203,1760,16.1
6.774,-3.91,-7.81,9.8,-3.31,1,0,2,21.05,203,1764,16.1
6.834,-3.91,-7.81,9.8,-3.34,1,0,2,20.81,203,1765,15.7
6.889,-3.91,-7.81,10.2,-3.41,1,0,2,20.83,203,1782,16.1
6.954,-3.12,-7.81,9.4,-3.45,1,0,2,20.93,203,1812,15.7
7.012,-3.12,-7.81,9.4,-3.57,1,0,2,20.51,203,1823,15
7.068,-3.12,-7.81,9.4,-3.69,1,0,2,20.12,203,1814,15.4
7.126,-3.91,-7.81,9.4,-3.69,1,0,2,20.23,203,1817,15.4
7.193,-3.12,-7.81,9.8,-3.69,1,0,2,20.53,203,1859,15.7
7.248,-3.12,-7.81,9.4,-3.67,1,0,2,20.89,203,1880,15.7
7.314,-3.12,-7.81,8.6,-3.71,1,0,2,20.06,203,1867,14.2
7.368,-3.12,-7.81,8.6,-3.93,1,0,2,18.96,203,1865,13.8
7.435,-3.91,-7.81,8.2,-4.2,1,0,2,18.37,203,1894,13.4
7.493,-3.91,-7.81,8.2,-4.45,1,0,2,18.12,203,1921,13
7.548,-3.91,-7.81,7.8,-4.72,1,0,2,17.35,203,1908,12.6
7.634,-3.91,-7.81,7.8,-5.09,1,0,2,16.46,203,1904,12.6
7.687,-3.91,-7.81,8.2,-5.29,1,0,2,16.55,203,1935,13.4
7.774,-3.91,-7.81,7.8,-5.49,1,0,2,16.66,203,1952,12.6
7.833,-3.91,-7.81,7.5,-5.64,1,0,2,16.3,203,1943,12.2
7.888,-3.91,-7.81,7.5,-5.8,1,0,2,15.91,203,1947,11.8
7.974,-4.69,-7.81,7.8,-5.98,1,0,2,15.96,203,1974,12.2
8.029,-4.69,-7.81,7.8,-6.03,1,0,2,15.93,203,1974,12.2
8.101,-3.91,-7.81,7.8,-6.09,1,0,2,15.81,203,1959,12.6
8.155,-4.69,-7.81,8.2,-6.03,1,0,2,16.25,203,1977,13
8.208,-4.69,-7.81,8.2,-5.93,1,0,2,17.04,203,2009,13.4
8.286,-4.69,-7.81,7.5,-5.88,1,0,2,17.06,203,2009,12.2
8.35,-4.69,-7.81,7.8,-5.96,1,0,2,16.46,203,1997,12.2
8.415,-5.47,-7.81,8.2,-6.07,1,0,2,16.37,203,2011,13
8.468,-5.47,-7.81,8.2,-6.05,1,0,2,16.95,203,2038,13
8.531,-6.25,-7.81,7.8,-6,1,0,2,17.09,203,2037,12.2
8.588,-6.25,-7.81,7.1,-6.07,1,0,2,16.39,203,2021,11.8
8.655,-6.25,-7.81,7.5,-6.23,1,0,2,15.75,203,2030,11.8
8.71,-6.25,-7.81,7.5,-6.41,1,0,2,15.57,203,2062,12.2
8.775,-6.25,-7.81,7.5,-6.48,1,0,2,15.7,203,2063,12.2
8.832,-7.03,-7.81,7.5,-6.53,1,0,2,15.7,203,2049,12.2
8.887,-7.03,-7.81,7.1,-6.66,1,0,2,15.36,203,2054,11.8
8.975,-7.03,-7.81,7.5,-6.85,1,0,2,15.41,203,2090,11.8
9.034,-7.03,-7.81,7.1,-6.93,1,0,2,15.26,203,2088,11.4
9.091,-7.81,-7.81,7.1,-7.05,1,0,2,14.85,203,2071,11.4
9.149,-7.81,-7.81,7.1,-7.14,1,0,2,14.75,203,2071,11.4
9.235,-7.81,-7.81,7.1,-7.23,1,0,2,14.76,203,2096,11.4
9.294,-7.81,-7.81,7.5,-7.25,1,0,2,14.81,203,2093,12.2
9.351,-8.59,-7.81,7.5,-7.21,1,0,2,15.03,203,2088,11.8
9.41,-8.59,-7.81,7.5,-7.14,1,0,2,15.49,203,2104,12.2
9.469,-8.59,-7.81,7.5,-7.03,1,0,2,15.98,203,2133,12.2
9.534,-8.59,-7.81,6.7,-7.07,1,0,2,15.5,203,2129,11.4
9.591,-9.38,-7.81,7.1,-7.17,1,0,2,14.9,203,2110,11.4
9.651,-9.38,-7.81,7.1,-7.24,1,0,2,14.81,203,2106,11.8
9.709,-9.38,-7.81,7.5,-7.26,1,0,2,15.06,203,2124,11.8
9.774,-9.38,-7.81,7.5,-7.21,1,0,2,15.31,203,2130,11.8
9.83,-9.38,-7.81,7.1,-7.16,1,0,2,15.3,204,2133,11.4
9.895,-10.16,-7.81,7.5,-7.21,1,0,2,15.15,204,2141,11.8
9.948,-10.16,-7.81,7.1,-7.23,1,0,2,15.33,204,2157,11.8
10.027,-10.16,-7.81,7.1,-7.29,1,0,2,15.04,204,2156,11.4
10.09,-10.94,-7.81,7.1,-7.34,1,0,2,14.86,204,2146,11.4
10.148,-10.94,-7.81,7.1,-7.37,1,0,2,14.79,204,2151,11.4
10.236,-10.94,-7.81,6.7,-7.39,1,0,2,15.04,204,2169,11.8
10.289,-10.94,-7.81,5.9,-7.42,1,0,2,14.54,204,2169,10.2
10.355,-10.94,-7.81,5.9,-7.68,1,0,2,13.55,204,2153,9.8
10.41,-10.94,-7.81,6.3,-7.89,1,0,2,12.98,204,2150,10.6
10.467,-10.94,-7.81,6.3,-8.02,1,0,2,12.96,204,2162,10.6
10.551,-9.38,-7.81,5.5,-8.19,1,0,2,12.87,204,2172,9.8
10.607,-9.38,-7.81,5.9,-8.41,1,0,2,12.37,204,2171,10.2
10.675,-9.38,-7.81,5.9,-8.57,1,0,2,12.28,204,2180,10.2
10.729,-10.16,-7.81,6.3,-8.64,1,0,2,12.39,204,2194,10.6
10.807,-10.16,-7.81,5.9,-8.65,1,0,2,12.3,204,2157,9.8
10.867,-10.94,-7.81,5.1,-8.73,1,0,2,12.03,204,2157,9.8
10.956,-10.94,-7.81,2,-8.9,1,0,2,11.77,204,2169,9.4
11.012,-7.03,-7.81,0,-9.02,1,0,2,11.54,204,2174,9.4
11.071,-7.03,-7.81,0,-9.2,1,0,2,11.19,204,2170,9.1
11.127,-1.56,-7.81,0,-9.4,1,0,2,10.63,204,2158,8.7
11.187,-1.56,-7.81,0,-9.6,1,0,2,10.18,204,2155,8.7
11.267,0,-7.81,0,-9.88,1,0,2,9.72,204,2127,8.3
11.331,0,-7.81,0,-10.05,1,0,2,9.39,204,2108,7.9
11.402,0,-7.81,0,-10.23,1,0,2,9.22,204,2121,7.9
11.455,0,-7.81,0,-10.38,1,0,2,9.21,204,2154,7.5
11.501,0,-7.81,0,-10.51,1,0,2,8.98,204,2159,7.5
11.566,0,-7.81,0,-10.63,1,0,2,8.6,204,2135,7.5
11.621,0,-7.81,0,-10.71,1,0,2,8.24,204,2112,7.1
11.686,0,-7.81,0,-10.79,1,0,2,8.02,204,2105,7.1
11.741,0,-7.81,0,-10.84,1,0,2,7.86,204,2121,7.1
11.797,0,-7.81,0,-10.9,1,0,2,7.69,204,2119,7.1
11.884,0,-7.81,0,-10.95,1,0,2,7.29,204,2081,6.7
11.937,0,-7.81,0,-11,1,0,2,7.01,204,2062,6.7
12.024,0,-7.81,0,-11.08,1,0,2,6.81,204,2075,6.3
12.077,0,-7.81,0,-11.12,1,0,2,6.63,204,2066,6.3
12.164,0,-7.81,0,-11.14,1,0,2,6.43,204,2049,6.3
12.224,0,-7.81,0,-11.17,1,0,2,6.32,204,2042,5.9
12.279,0,-7.81,0,-11.19,1,0,2,6.2,204,2040,5.9
12.338,0,-7.81,0,-11.24,1,0,2,6.13,204,2043,5.9
12.425,0,-7.81,0,-11.25,1,0,2,5.97,204,2017,5.9
12.478,0,-7.81,0,-11.26,1,0,2,5.88,204,1995,5.9
12.564,0,-7.81,0,-11.28,1,0,2,5.8,204,1984,5.9
12.618,0,-7.81,2.4,-11.31,1,0,2,5.75,204,1979,5.9
12.685,0,-7.81,2.4,-11.31,1,0,2,5.81,204,1963,6.3
12.728,0,-7.81,2.4,-11.27,1,0,2,6.01,204,1972,6.3
12.815,0,-7.81,2.4,-11.25,1,0,2,6.16,204,1975,6.3
12.868,0,-7.81,5.9,-11.23,1,0,2,6.15,204,1953,6.7
12.942,0,-7.81,9.8,-11.18,1,0,2,6.35,204,1939,7.5
12.984,0,-7.81,9.4,-11.03,1,0,2,6.9,204,1954,8.3
13.039,0,-7.81,9.4,-10.84,1,0,2,7.4,204,1971,8.7
13.106,0,-7.81,9,-10.63,1,0,2,8.02,204,1971,9.4
13.159,0,-7.81,9.4,-10.34,1,0,2,8.66,204,1956,9.8
13.226,0,-7.81,9.4,-10.01,1,0,2,9.37,204,1944,9.8
13.281,0,-7.81,9.4,-9.73,1,0,2,10.15,204,1941,10.2
13.352,0,-7.81,8.6,-9.48,1,0,2,10.95,204,1945,10.6
13.406,0,-7.81,8.2,-9.23,1,0,2,11.84,204,1953,11
13.462,0,-7.81,7.8,-8.96,1,0,2,12.62,204,1962,11.8
13.517,-0.78,-7.81,8.2,-8.64,1,0,2,13.4,204,1952,11.8
13.577,-2.34,-7.81,9,-8.29,1,0,2,14.04,204,1916,12.6
13.666,-3.91,-7.81,9,-7.67,1,0,2,15.85,204,1887,13.4
13.722,-4.69,-7.81,9,-7.12,1,0,2,17.22,204,1919,13.4
13.779,-5.47,-7.81,9.4,-6.64,1,0,2,18.4,204,1945,14.6
13.838,-5.47,-7.81,9,-6.15,1,0,2,19.01,204,1932,14.2
13.925,-6.25,-7.81,9.4,-5.71,1,0,2,19.11,204,1921,15
13.979,-6.25,-7.81,8.6,-5.44,1,0,2,19.61,204,1942,13.8
14.037,-6.25,-7.81,8.2,-5.42,1,0,2,18.96,204,1962,13.4
14.124,-7.03,-7.81,7.8,-5.56,1,0,2,17.88,204,1947,13
14.178,-7.03,-7.81,7.5,-5.7,1,0,2,17.25,204,1947,12.2
14.246,-7.03,-7.81,7.8,-5.89,1,0,2,16.67,204,1967,12.2
14.299,-7.81,-7.81,7.5,-6.04,1,0,2,16.4,204,1971,12.2
14.358,-7.81,-7.81,7.5,-6.18,1,0,2,15.94,204,1955,12.2
14.432,-7.81,-7.81,7.5,-6.32,1,0,2,15.59,204,1961,11.8
14.497,-7.81,-7.81,6.7,-6.43,1,0,2,15.45,204,1983,11.8
14.54,-8.59,-7.81,5.1,-6.62,1,0,2,14.65,204,1995,9.8
14.599,-9.38,-7.81,3.1,-7.07,1,0,2,12.99,204,1981,9.1
14.677,-7.81,-7.81,0,-7.68,1,0,2,11.73,204,1967,9.1
14.743,-7.81,-7.81,0,-8.07,1,0,2,11.2,204,1980,8.7
14.798,-2.34,-7.81,0,-8.47,1,0,2,10.82,204,1987,8.7
14.878,0,-7.81,0,-9.08,1,0,2,9.52,204,1984,5.5
14.942,0,-7.81,0,-9.61,1,0,2,8.08,204,1949,5.5
14.997,0,-7.81,0,-10.13,1,0,2,7.32,204,1910,5.5
15.084,0,-7.81,0,-10.6,1,0,2,6.55,204,1859,5.5
15.148,0,-7.81,0,-10.85,1,0,2,6.1,204,1808,5.9
15.234,0,-7.81,0,-11.05,1,0,2,5.67,204,1735,5.9
15.287,0,-7.81,0,-11.11,1,0,3,5.48,204,1680,5.9
15.374,0,-7.81,0,-11.11,1,0,3,5.19,204,1584,5.9
15.433,0,-7.81,0,-11.07,1,0,3,5.07,204,1515,6.3
15.488,0,-7.81,0,-10.99,1,0,3,4.95,204,1440,6.3
15.574,0,-7.81,0,-10.86,1,0,3,4.86,204,1355,6.3
15.627,0,-7.81,0,-10.74,1,0,3,4.83,204,1279,6.3
15.702,0,-7.81,0,-10.61,1,0,3,4.94,204,1227,6.3
15.756,0,-7.81,0,-10.48,1,0,4,4.93,204,1152,6.3
15.811,0,-7.81,0,-10.32,1,0,4,4.82,204,1057,6.7
15.882,0,-7.81,0,-10.12,1,0,4,4.85,204,991,6.7
15.935,0,-7.81,0,-9.89,1,0,0,4.58,204,875,7.1
15.992,-0.78,-7.81,0,-9.63,1,0,5,4.71,204,827,7.1
16.048,0,-7.81,0,-9.36,1,0,5,5.07,204,816,6.7
16.128,2.34,-7.81,0,-9.04,1,0,5,5.61,204,834,6.7
16.192,3.12,-7.81,0,-8.86,1,0,5,5.9,204,847,6.7
16.25,5.47,-7.81,0,-8.73,1,0,5,6.03,204,855,6.3
16.308,6.25,-7.81,0,-8.65,1,0,5,6.22,204,876,6.3
16.368,7.81,-7.81,0,-8.63,1,0,5,6.33,204,896,5.9
16.428,8.59,-7.81,0,-8.66,1,0,0,6.36,204,916,5.9
16.516,9.38,-7.81,0,-8.73,1,0,4,6.37,204,940,5.9
16.572,9.38,-7.81,0,-8.8,1,0,4,6.36,204,960,5.5
16.628,9.38,-7.81,0,-8.91,1,0,4,6.33,204,977,5.5
16.714,8.59,-7.81,0,-9.08,1,0,4,6.2,204,995,5.5
16.768,7.81,-7.81,0,-9.2,1,0,4,6.12,204,1005,5.5
16.832,7.03,-7.81,0,-9.32,1,0,4,6.03,204,1010,5.5
16.889,5.47,-7.81,0,-9.41,1,0,4,5.95,204,1015,5.5
16.948,5.47,-7.81,0,-9.5,1,0,4,5.86,204,1016,5.5
17.015,3.91,-7.81,0,-9.58,1,0,4,5.77,204,1016,5.5
17.072,3.12,-7.81,0,-9.64,1,0,4,5.66,204,1010,5.5
17.131,2.34,-7.81,0,-9.71,1,0,4,5.49,204,1007,3.5
17.188,1.56,-7.81,0,-9.89,1,0,4,5.32,204,1030,3.9
17.277,0,-7.81,0,-10.16,1,0,4,5.14,204,1054,3.9
17.332,-0.78,-7.81,0,-10.35,1,0,4,4.98,204,1068,3.9
17.391,-1.56,-7.81,0,-10.5,1,0,4,4.82,204,1076,3.9
17.448,-3.12,-7.81,0,-10.67,1,0,4,4.64,204,1077,3.9
17.508,-3.91,-7.81,0,-10.78,1,0,4,4.48,203,1077,3.9
17.568,-4.69,-7.81,0,-10.88,1,0,4,4.33,203,1074,3.9
17.656,-5.47,-7.81,0,-10.98,1,0,4,4.14,203,1064,3.9
17.711,-6.25,-7.81,0,-11.04,1,0,4,4,203,1052,3.9
17.769,-6.25,-7.81,0,-11.09,1,0,4,3.87,203,1040,3.9
17.837,-7.03,-7.81,0,-11.13,1,0,4,3.77,204,1028,3.9
17.891,-7.81,-7.81,0,-11.15,1,0,4,3.65,204,1012,3.9
17.953,-7.81,-7.81,0,-11.16,1,0,4,3.55,204,995,3.5
18.01,-8.59,-7.81,0,-11.17,1,0,4,3.46,204,977,3.9
18.073,-8.59,-7.81,0,-11.16,1,0,4,3.38,204,957,3.9
18.129,-9.38,-7.81,0,-11.15,1,0,4,3.33,203,944,3.9
18.193,-9.38,-7.81,0,-11.12,1,0,4,3.28,203,925,3.9
18.25,-10.16,-7.81,0,-11.08,1,0,5,3.22,203,903,3.9
18.309,-10.16,-7.81,0,-11.06,1,0,5,3.17,203,881,3.9
18.37,-10.94,-7.81,0,-11.01,1,0,5,3.13,203,862,3.9
18.429,-10.94,-7.81,0,-10.95,1,0,5,3.11,203,846,3.9
18.488,-11.72,-7.81,0,-10.9,1,0,5,3.06,203,822,3.9
18.552,-11.72,-7.81,0,-10.84,1,0,5,3.01,203,799,3.9
18.608,-11.72,-7.81,0,-10.78,1,0,5,3.01,203,782,4.3
18.689,-12.5,-7.81,0,-10.7,1,0,5,3,203,758,4.3
18.745,-12.5,-7.81,0,-10.6,1,0,6,2.99,203,734,4.3
18.803,-12.5,-7.81,0,-10.52,1,0,6,3.03,203,721,4.3
18.859,-12.5,-7.81,0,-10.4,1,0,6,3.11,203,707,4.7
18.944,-12.5,-7.81,0,-10.26,1,0,6,3.18,203,683,4.7
19.007,-12.5,-7.81,0,-10.14,1,0,6,3.24,203,671,4.3
19.063,-12.5,-7.81,0,-10.05,1,0,6,3.29,203,659,4.3
19.119,-12.5,-7.81,0,-9.95,1,0,6,3.35,203,657,4.3
19.205,-13.28,-7.81,0,-9.84,1,0,6,3.44,203,654,4.3
19.259,-12.5,-7.81,0,-9.76,1,0,6,3.48,203,652,4.3
19.323,-12.5,-7.81,0,-9.71,1,0,6,3.54,203,656,4.3
19.378,-12.5,-7.81,0,-9.68,1,0,6,3.57,203,662,4.3
19.469,-12.5,-7.81,0,-9.64,1,0,6,3.62,203,668,4.3
19.524,-12.5,-7.81,0,-9.63,1,0,6,3.66,203,677,3.9
19.581,-12.5,-7.81,0,-9.61,1,0,6,3.67,203,681,3.9
19.647,-12.5,-7.81,0,-9.63,1,0,6,3.69,203,688,3.9
19.702,-12.5,-7.81,0,-9.63,1,0,6,3.73,203,697,4.7
19.766,-12.5,-7.81,0,-9.61,1,0,5,3.84,203,710,4.7
19.822,-12.5,-7.81,0,-9.6,1,0,5,3.92,203,722,4.7
19.878,-11.72,-7.81,0,-9.57,1,0,5,4.02,203,739,4.7
19.966,-11.72,-7.81,0,-9.57,1,0,5,4.1,203,758,4.3
20.025,-11.72,-7.81,0,-9.6,1,0,5,4.15,203,772,4.3
20.082,-11.72,-7.81,0,-9.63,1,0,5,4.19,203,790,4.3
20.138,-11.72,-7.81,0,-9.66,1,0,5,4.21,203,804,4.3
20.225,-11.72,-7.81,0,-9.76,1,0,4,4.24,203,823,4.3
20.278,-11.72,-7.81,0,-9.83,1,0,4,4.26,203,839,4.3
20.345,-11.72,-7.81,2,-9.91,1,0,4,4.3,203,856,4.3
20.399,-11.72,-7.81,4.7,-9.92,1,0,4,4.44,203,867,5.9
20.465,-11.72,-7.81,3.9,-9.85,1,0,4,4.66,203,879,5.9
20.522,-11.72,-7.81,3.9,-9.74,1,0,4,5,203,915,5.9
20.587,-11.72,-7.81,4.3,-9.68,1,0,4,5.46,203,972,6.3
20.655,-11.72,-7.81,4.3,-9.63,1,0,4,5.93,203,1034,6.3
20.698,-11.72,-7.81,3.9,-9.63,1,0,3,6.5,203,1116,6.3
20.778,-11.72,-7.81,3.9,-9.64,1,0,3,7.13,203,1219,6.7
20.833,-11.72,-7.81,3.9,-9.66,1,0,3,7.28,203,1239,6.3
20.888,-11.72,-7.81,4.3,-9.69,1,0,3,6.81,203,1178,6.7
20.974,-11.72,-7.81,9.8,-9.63,1,0,3,6.66,203,1135,9.8
21.028,-11.72,-7.81,17.6,-9.26,1,0,3,8.07,203,1154,11.8
21.095,-12.5,-7.81,22,-8.14,1,0,3,11.4,203,1194,15.4
21.153,-12.5,-7.81,22,-6.73,1,0,3,15.99,203,1184,17.7
21.208,-12.5,-7.81,22,-4.41,1,0,3,20.7,203,1158,24
21.284,-13.28,-7.81,22.4,-2.56,1,0,3,22.51,203,1169,26.4
21.328,-13.28,-7.81,21.6,-1.57,1,0,3,23.42,203,1193,26.4
21.416,-14.06,-7.81,21.6,-1.08,1,0,3,22.27,203,1165,24
21.472,-14.84,-7.81,22.4,-0.98,1,0,3,22.2,203,1189,24.8
21.531,-17.19,-7.81,24.7,-0.82,1,0,3,23.17,203,1209,31.9
21.589,-17.19,-7.81,27.8,-0.59,1,0,3,23.26,203,1193,42.9
21.663,-16.41,-7.81,29,-0.42,1,0,3,23.26,203,1196,49.2
21.716,-16.41,-7.81,29,-0.32,1,0,3,24,203,1221,54.7
21.773,-15.62,-7.81,28.6,-0.25,1,0,3,24.03,203,1237,59.4
21.832,-1.56,-7.81,28.2,-0.2,1,0,3,24.39,203,1235,57.9
21.889,-1.56,-7.81,27.5,-0.16,1,0,3,24.12,203,1231,54.3
21.963,-0.78,-7.81,26.7,-0.12,1,0,3,24.82,203,1261,48.8
22.021,-1.56,-7.81,25.5,-0.1,1,0,3,25.03,203,1272,44.9
22.074,-1.56,-7.81,24.3,-0.09,1,0,3,24.79,203,1263,37.4
22.134,-2.34,-7.81,24.3,-0.12,1,0,3,25.15,203,1290,35
22.191,-2.34,-7.81,23.5,-0.11,1,0,3,25.42,203,1301,35.4
22.263,-2.34,-7.81,22.4,-0.13,1,0,3,24.94,203,1304,24.8
22.327,-3.12,-7.81,22,-0.4,1,0,3,24.07,203,1312,23.2
22.37,-3.12,-7.81,20.4,-0.56,1,0,3,23.96,203,1321,21.3
22.433,-3.12,-7.81,18.4,-0.88,1,0,3,23.15,203,1340,18.9
22.489,-3.12,-7.81,18.4,-1.28,1,0,3,22.2,203,1344,18.1
22.557,-3.12,-7.81,18.8,-1.52,1,0,3,22.05,203,1344,18.5
22.612,-3.12,-7.81,19.6,-1.61,1,0,3,22.46,203,1375,18.9
22.678,-3.12,-7.81,20.4,-1.58,1,0,3,22.87,203,1381,19.7
22.732,-3.12,-7.81,20.8,-1.42,1,0,3,23.48,203,1381,20.5
22.818,-3.12,-7.81,20.4,-1.23,1,0,3,24.11,203,1407,20.5
22.869,-3.12,-7.81,20,-1.17,1,0,3,24.11,203,1408,20.1
22.951,-3.12,-7.81,19.2,-1.18,1,0,3,24.05,203,1410,19.7
23.015,-3.12,-7.81,19.2,-1.25,1,0,3,24.06,203,1440,19.7
23.072,-3.91,-7.81,19.2,-1.32,1,0,3,23.99,203,1440,19.7
23.132,-3.91,-7.81,19.2,-1.33,1,0,3,24.23,203,1449,20.1
23.188,-4.69,-7.81,19.6,-1.31,1,0,3,24.63,203,1476,20.5
23.252,-4.69,-7.81,19.2,-1.27,1,0,3,24.91,203,1482,20.5
23.309,-3.91,-7.81,19.2,-1.24,1,0,3,24.83,203,1477,20.1
23.397,-4.69,-7.81,18.8,-1.24,1,0,3,25.17,203,1506,20.1
23.449,-4.69,-7.81,16.9,-1.26,1,0,3,25.28,203,1516,19.3
23.537,-3.91,-7.81,12.2,-1.61,1,0,3,23.71,203,1509,16.5
23.592,-4.69,-7.81,3.1,-2.17,1,0,3,21.54,203,1530,7.9
23.65,-4.69,-7.81,0,-3.38,1,0,3,15.75,203,1537,6.3
23.724,-0.78,-7.81,0,-4.8,1,0,3,11.94,203,1516,5.9
23.771,-0.78,-7.81,0,-6.06,1,0,3,9.93,203,1527,5.9
23.828,-0.78,-7.81,0,-7.07,1,0,3,8.88,203,1557,7.1
23.896,0,-7.81,0,-7.77,1,0,3,8.21,203,1538,7.1
23.953,0,-7.81,0,-8.28,1,0,3,7.9,203,1543,7.1
24.008,0,-7.81,0,-8.71,1,0,3,7.71,203,1556,6.7
24.095,0,-7.81,0,-9.2,1,0,3,7.34,203,1549,6.7
24.157,0,-7.81,0,-9.47,1,0,3,7.11,203,1551,6.7
24.212,0,-7.81,0,-9.68,1,0,3,6.81,203,1533,6.7
24.285,0,-7.81,0,-9.85,1,0,3,6.57,203,1504,6.7
24.329,0,-7.81,0,-9.98,1,0,3,6.61,203,1510,6.7
24.402,0,-7.81,0,-10.1,1,0,3,6.83,203,1559,6.3
24.455,0,-7.81,0,-10.23,1,0,3,6.67,203,1570,5.9
24.51,0,-7.81,0,-10.38,1,0,3,6.26,203,1526,5.9
24.597,0,-7.81,0,-10.5,1,0,3,5.99,203,1494,5.9
24.652,0,-7.81,0,-10.56,1,0,3,6.29,203,1566,5.9
24.723,0,-7.81,0,-10.63,1,0,3,6.01,203,1538,5.9
24.781,0,-7.81,0,-10.67,1,0,3,5.75,203,1498,5.9
24.834,0,-7.81,0,-10.7,1,0,3,5.85,203,1523,5.9
24.892,0,-7.81,0,-10.71,1,0,3,5.89,203,1543,5.9
24.948,0,-7.81,0,-10.72,1,0,3,5.65,203,1499,5.9
25.024,0,-7.81,0,-10.73,1,0,3,5.7,203,1509,5.9
25.097,0,-7.81,0,-10.73,1,0,3,5.79,203,1534,5.9
25.151,0,-7.81,0,-10.74,1,0,3,5.61,203,1500,5.9
25.237,0,-7.81,0,-10.73,1,0,3,5.54,203,1489,5.9
25.297,0,-7.81,0,-10.74,1,0,3,5.64,203,1513,5.9
25.352,0,-7.81,0,-10.75,1,0,3,5.56,203,1495,5.9
25.409,0,-7.81,0,-10.75,1,0,3,5.51,203,1479,5.9
25.489,0,-7.81,0,-10.77,1,0,3,5.66,203,1506,5.9
25.544,0,-7.81,0,-10.79,1,0,3,5.62,203,1497,5.9
25.6,0,-7.81,0,-10.8,1,0,3,5.55,203,1479,5.9
25.667,0,-7.81,0,-10.81,1,0,3,5.57,203,1484,5.9
25.722,0,-7.81,0,-10.82,1,0,3,5.6,203,1492,5.9
25.787,0,-7.81,0,-10.83,1,0,3,5.51,203,1469,5.9
25.843,0,-7.81,0,-10.83,1,0,3,5.49,203,1472,5.9
25.913,0,-7.81,0,-10.84,1,0,3,5.57,203,1488,5.9
25.971,0,-7.81,0,-10.85,1,0,3,5.5,203,1472,5.9
26.024,0,-7.81,0,-10.84,1,0,3,5.46,203,1459,5.9
26.094,0,-7.81,0,-10.82,1,0,3,5.54,203,1473,5.9
26.147,0,-7.81,0,-10.82,1,0,3,5.5,203,1462,5.9
26.202,0,-7.81,0,-10.81,1,0,3,5.16,203,1383,5.5
26.276,0,-7.81,0,-10.77,1,0,0,4.78,203,1278,5.9
26.319,0,-7.81,0,-10.69,1,0,4,4.52,203,1177,5.9
26.406,0,-7.81,0,-10.5,1,0,4,4.34,203,1030,6.7
26.459,0,-7.81,0,-10.28,1,0,5,4.15,203,919,6.7
26.545,0,-7.81,0,-9.92,1,0,6,4.04,203,829,6.7
26.608,0,-7.81,0,-9.63,1,0,6,4.34,203,820,6.7
26.663,0,-7.81,0,-9.35,1,0,6,4.6,203,819,6.7
26.734,0,-7.81,0,-9.18,1,0,6,4.8,203,813,6.3
26.787,0,-7.81,0,-9,1,0,6,4.95,203,813,6.3
26.843,0,-7.81,0,-8.88,1,0,6,5.16,203,812,6.3
26.914,0,-7.81,0,-8.8,1,0,6,5.33,203,816,5.9
26.971,0,-7.81,0,-8.73,1,0,6,5.44,203,821,5.9
27.025,0,-7.81,0,-8.71,1,0,6,5.53,203,827,5.9
27.08,0,-7.81,0,-8.72,1,0,5,5.56,203,832,5.5
27.148,0,-7.81,0,-8.72,1,0,5,5.56,203,837,5.5
27.201,0,-7.81,0,-8.73,1,0,5,5.59,203,843,5.5
27.279,0,-7.81,0,-8.77,1,0,5,5.63,203,857,5.5
27.339,0,-7.81,0,-8.79,1,0,5,5.64,203,859,5.5
27.407,0,-7.81,0,-8.83,1,0,5,5.67,203,866,5.5
27.463,0,-7.81,0,-8.85,1,0,5,5.69,203,870,5.5
27.527,0,-7.81,0,-8.87,1,0,5,5.67,203,871,5.5
27.582,0,-7.81,0,-8.89,1,0,5,5.7,203,876,5.5
27.657,0,-7.81,0,-8.93,1,0,5,5.67,203,877,5.5
27.699,0,-7.81,0,-8.96,1,0,5,5.65,203,878,5.5
27.773,0,-7.81,0,-8.97,1,0,5,5.64,203,879,5.5
27.826,0,-7.81,0,-9,1,0,5,5.58,203,875,5.5
27.882,0,-7.81,0,-9.03,1,0,5,5.51,203,869,5.5
27.967,0,-7.81,0,-9.05,1,0,5,5.47,203,866,5.5
28.023,0,-7.81,0,-9.08,1,0,5,5.45,203,861,5.5
28.079,0,-7.81,0,-9.08,1,0,5,5.43,203,857,5.5
28.151,0,-7.81,0,-9.07,1,0,5,5.43,203,853,5.5
28.202,0,-7.81,0,-9.05,1,0,5,5.43,203,850,5.5
28.273,0,-7.81,0,-9.07,1,0,5,5.43,203,848,5.5
28.326,0,-7.81,0,-9.05,1,0,5,5.43,203,844,5.5
28.379,2.34,-7.81,0,-9.04,1,0,5,5.43,203,842,5.5
28.453,1.56,-7.81,0,-9.05,1,0,5,5.43,203,839,5.5
28.506,1.56,-7.81,0,-9.06,1,0,5,5.46,203,840,5.5
28.564,0.78,-7.81,0,-9.05,1,0,5,5.46,203,841,5.5
28.619,0.78,-7.81,0,-9.06,1,0,5,5.48,203,842,5.5
28.693,0,-7.81,0,-9.08,1,0,5,5.48,203,843,5.5
28.756,-0.78,-7.81,0,-9.07,1,0,5,5.46,203,840,5.5
28.799,-1.56,-7.81,0,-9.08,1,0,5,5.45,203,839,5.5
28.874,-1.56,-7.81,0,-9.1,1,0,5,5.44,203,837,5.5
28.931,-2.34,-7.81,0,-9.1,1,0,5,5.42,203,836,5.5
28.984,-3.12,-7.81,0,-9.1,1,0,5,5.39,203,832,5.5
29.039,-3.91,-7.81,0,-9.11,1,0,5,5.39,203,830,5.5
29.099,-4.69,-7.81,0,-9.1,1,0,5,5.39,203,829,5.5
29.159,-4.69,-7.81,0,-9.1,1,0,5,5.39,203,829,5.5
29.228,-5.47,-7.81,0,-9.12,1,0,5,5.4,203,831,5.5
29.294,-5.47,-7.81,0,-9.14,1,0,5,5.39,203,830,5.5
29.35,-6.25,-7.81,0,-9.12,1,0,5,5.38,203,829,5.5
29.413,-6.25,-7.81,0,-9.14,1,0,5,5.37,203,827,5.5
29.47,-7.03,-7.81,0,-9.14,1,0,5,5.41,203,833,5.5
29.537,-7.03,-7.81,0,-9.13,1,0,5,5.44,203,837,5.5
29.593,-7.03,-7.81,0,-9.15,1,0,5,5.48,203,846,5.5
29.649,-7.03,-7.81,0,-9.18,1,0,5,5.5,203,851,5.5
29.709,-7.81,-7.81,0,-9.18,1,0,5,5.49,203,855,5.5
29.783,-7.81,-7.81,0,-9.2,1,0,5,5.5,203,861,5.5
29.836,-8.59,-7.81,0,-9.25,1,0,5,5.49,203,865,5.5
29.892,-8.59,-7.81,0,-9.28,1,0,5,5.47,203,868,5.5
29.977,-8.59,-7.81,0,-9.32,1,0,5,5.42,203,869,5.5
30.029,-8.59,-7.81,0,-9.35,1,0,5,5.39,203,871,5.5
30.089,-8.59,-7.81,0,-9.36,1,0,5,5.36,203,872,5.5
30.163,-9.38,-7.81,0,-9.39,1,0,5,5.33,203,872,5.5
30.221,-9.38,-7.81,0,-9.42,1,0,5,5.29,203,870,5.5
30.274,-9.38,-7.81,0,-9.45,1,0,5,5.26,203,870,5.5
30.329,-9.38,-7.81,0,-9.45,1,0,5,5.23,203,868,5.5
30.402,-9.38,-7.81,0,-9.47,1,0,5,5.21,203,866,5.5
30.455,-9.38,-7.81,0,-9.49,1,0,5,5.18,203,863,5.5
30.513,-9.38,-7.81,0,-9.5,1,0,5,5.16,203,861,5.5
30.573,-9.38,-7.81,0,-9.48,1,0,5,5.13,203,855,5.5
30.638,-10.16,-7.81,0,-9.49,1,0,5,5.1,203,850,5.5
30.691,-10.16,-7.81,0,-9.49,1,0,5,5.1,203,847,5.5
30.75,-10.16,-7.81,0,-9.46,1,0,5,5.08,203,843,5.5
30.825,-10.16,-7.81,0,-9.46,1,0,0,5.06,203,837,5.5
30.869,-10.16,-7.81,0,-9.45,1,0,6,5.04,203,833,5.5
30.943,-10.94,-7.81,0,-9.42,1,0,6,5.02,203,826,5.5
31.001,-10.94,-7.81,0,-9.41,1,0,6,5.01,203,821,5.5
31.054,-10.94,-7.81,0,-9.38,1,0,6,4.98,203,813,5.5
31.109,-10.94,-7.81,0,-9.35,1,0,6,4.98,203,810,5.5
31.183,-11.72,-7.81,0,-9.34,1,0,6,4.98,203,806,5.5
31.236,-11.72,-7.81,0,-9.31,1,0,6,4.96,203,801,5.5
31.293,-11.72,-7.81,0,-9.28,1,0,6,4.97,203,799,5.5
31.359,-12.5,-7.81,0,-9.26,1,0,6,4.96,203,793,5.5
31.417,-12.5,-7.81,0,-9.23,1,0,6,4.98,203,791,5.5
31.472,-13.28,-7.81,0,-9.21,1,0,6,4.99,203,789,5.5
31.539,-13.28,-7.81,0,-9.17,1,0,6,4.99,203,783,5.5
31.611,-13.28,-7.81,0,-9.13,1,0,6,5.01,203,783,5.5
31.665,-14.06,-7.81,0,-9.1,1,0,6,5.02,203,780,5.5
31.722,-14.06,-7.81,0,-9.06,1,0,6,5.05,203,782,5.5
31.787,-14.84,-7.81,0,-9.06,1,0,6,5.08,203,785,5.5
31.843,-14.84,-7.81,0,-9.04,1,0,6,5.07,203,783,5.5
31.907,-15.62,-7.81,0,-9.03,1,0,6,5.06,203,784,5.1
31.966,-15.62,-7.81,0,-9.03,1,0,6,5.06,203,785,5.5
32.019,-15.62,-7.81,0,-9.02,1,0,6,5.05,203,784,5.1
32.082,-15.62,-7.81,0,-9.03,1,0,6,5.05,203,786,5.1
32.152,-15.62,-7.81,0,-9.01,1,0,6,5.04,203,785,5.1
32.205,-15.62,-7.81,0,-9.03,1,0,6,5.04,203,788,5.1
32.26,-15.62,-7.81,0,-9.02,1,0,6,5.04,203,789,5.1
32.332,-15.62,-7.81,0,-9.03,1,0,6,5.02,203,788,5.1
32.385,-15.62,-7.81,0,-9.04,1,0,6,5.03,203,792,5.1
32.44,-15.62,-7.81,0,-9.04,1,0,6,5,203,790,5.1
32.521,-15.62,-7.81,0,-9.06,1,0,6,4.98,203,792,5.1
32.574,-15.62,-7.81,0,-9.08,1,0,6,4.97,203,792,5.1
32.633,-15.62,-7.81,0,-9.08,1,0,6,4.94,203,790,5.1
32.702,-15.62,-7.81,0,-9.11,1,0,6,4.93,203,791,5.1
32.755,-15.62,-7.81,0,-9.1,1,0,6,4.91,203,789,5.1
32.811,-15.62,-7.81,0,-9.11,1,0,6,4.91,203,787,5.1
32.885,-15.62,-7.81,0,-9.11,1,0,6,4.91,203,785,5.1
32.951,-15.62,-7.81,0,-9.12,1,0,6,4.86,203,784,3.9
33.018,-15.62,-7.81,0,-9.22,1,0,6,4.8,203,808,3.9
33.072,-15.62,-7.81,0,-9.39,1,0,6,4.77,203,834,3.9
33.137,-15.62,-7.81,0,-9.54,1,0,6,4.75,203,858,3.9
33.193,-15.62,-7.81,0,-9.67,1,0,6,4.67,202,872,3.9
33.257,-15.62,-7.81,0,-9.78,1,0,5,4.63,202,890,3.9
33.312,-15.62,-7.81,0,-9.91,1,0,5,4.6,202,912,3.9
33.382,-15.62,-7.81,0,-10.02,1,0,5,4.53,202,926,3.9
33.447,-15.62,-7.81,0,-10.13,1,0,5,4.45,202,935,3.9
33.502,-15.62,-7.81,0,-10.23,1,0,5,4.38,202,945,3.9
33.567,-16.41,-7.81,0,-10.31,1,0,5,4.31,202,953,3.9
33.626,-16.41,-7.81,0,-10.39,1,0,5,4.23,202,959,3.9
33.683,-16.41,-7.81,0,-10.46,1,0,5,4.14,202,961,3.9
33.755,-16.41,-7.81,0,-10.52,1,0,5,4.06,202,962,3.9
33.811,-16.41,-7.81,0,-10.58,1,0,5,3.98,203,960,3.9
33.864,-16.41,-7.81,0,-10.62,1,0,5,3.9,203,958,3.9
33.921,-16.41,-7.81,0,-10.65,1,0,5,3.8,203,953,3.9
33.987,-16.41,-7.81,0,-10.68,1,0,5,3.74,203,950,3.9
34.042,-16.41,-7.81,0,-10.7,1,0,5,3.66,203,941,3.9
34.1,-16.41,-7.81,0,-10.73,1,0,5,3.59,202,932,3.9
34.168,-16.41,-7.81,0,-10.75,1,0,5,3.52,202,920,3.9
34.221,-16.41,-7.81,0,-10.75,1,0,5,3.44,202,908,3.9
34.294,-16.41,-7.81,0,-10.76,1,0,5,3.39,202,893,3.9
34.347,-17.19,-7.81,0,-10.75,1,0,5,3.3,202,876,3.9
34.402,-17.19,-7.81,0,-10.76,1,0,5,3.24,202,855,3.9
34.476,-17.19,-7.81,0,-10.73,1,0,5,3.19,202,834,3.9
34.528,-17.19,-7.81,0,-10.7,1,0,5,3.11,202,815,3.9
34.583,-17.19,-7.81,0,-10.67,1,0,6,3.03,202,784,4.3
34.655,-17.19,-7.81,0,-10.6,1,0,6,3.03,202,768,4.3
34.708,-17.19,-7.81,0,-10.53,1,0,6,3.01,202,739,4.3
34.762,-17.19,-7.81,0,-10.43,1,0,6,3.04,202,727,4.7
34.837,-17.97,-7.81,0,-10.32,1,0,6,3.09,202,699,4.7
34.916,-17.97,-7.81,0,-10.16,1,0,6,3.17,202,677,4.7
34.98,-17.97,-7.81,0,-10.03,1,0,6,3.24,202,660,4.7
35.035,-17.97,-7.81,0,-9.91,1,0,6,3.31,202,654,4.7
35.093,-17.97,-7.81,0,-9.8,1,0,6,3.4,202,648,4.7
35.159,-17.97,-7.81,0,-9.71,1,0,6,3.47,202,643,4.3
35.214,-17.97,-7.81,0,-9.62,1,0,6,3.54,202,643,4.3
35.279,-17.97,-7.81,0,-9.54,1,0,6,3.59,202,648,4.3
35.334,-17.97,-7.81,0,-9.5,1,0,6,3.66,202,650,4.3
35.391,-17.97,-7.81,0,-9.46,1,0,6,3.71,202,655,4.3
35.465,-17.97,-7.81,0,-9.43,1,0,6,3.74,202,665,4.3
35.518,-17.97,-7.81,0,-9.43,1,0,6,3.78,202,672,4.3
35.573,-17.97,-7.81,0,-9.42,1,0,6,3.81,202,680,4.3
35.641,-17.97,-7.81,0,-9.43,1,0,6,3.83,202,692,4.3
35.694,-17.97,-7.81,0,-9.46,1,0,6,3.87,202,702,4.3
35.765,-17.19,-7.81,0,-9.47,1,0,6,3.88,202,708,3.9
35.821,-17.19,-7.81,0,-9.51,1,0,6,3.89,202,722,3.9
35.875,-17.19,-7.81,0,-9.54,1,0,6,3.9,202,728,3.9
35.949,-17.19,-7.81,0,-9.6,1,0,6,3.88,202,737,3.9
35.993,-17.19,-7.81,0,-9.64,1,0,6,3.88,202,743,3.9
36.056,-16.41,-7.81,0,-9.7,1,0,6,3.86,202,748,3.9
36.115,-16.41,-7.81,0,-9.74,1,0,5,3.84,202,754,3.9
36.17,-16.41,-7.81,0,-9.8,1,0,5,3.82,202,762,3.9
36.247,-16.41,-7.81,0,-9.84,1,0,5,3.8,202,765,3.9
36.293,-16.41,-7.81,0,-9.9,1,0,5,3.79,202,771,3.9
36.364,-15.62,-7.81,0,-9.94,1,0,5,3.77,202,773,3.9
36.417,-15.62,-7.81,0,-9.98,1,0,5,3.76,202,777,3.9
36.474,-15.62,-7.81,0,-10.02,1,0,5,3.73,202,779,3.9
36.539,-15.62,-7.81,0,-10.05,1,0,5,3.7,202,777,3.9
36.595,-15.62,-7.81,0,-10.1,1,0,5,3.68,202,778,3.9
36.65,-15.62,-7.81,0,-10.09,1,0,5,3.66,202,775,3.9
36.725,-14.84,-7.81,0,-10.12,1,0,5,3.65,202,772,4.3
36.778,-14.84,-7.81,0,-10.12,1,0,5,3.64,202,773,4.3
36.835,-14.84,-7.81,0,-10.13,1,0,5,3.63,202,770,4.3
36.891,-14.84,-7.81,0,-10.12,1,0,5,3.63,202,768,4.3
36.963,-14.84,-7.81,0,-10.11,1,0,5,3.61,202,764,4.3
37.027,-14.84,-7.81,0,-10.1,1,0,5,3.6,202,762,4.3
37.074,-14.84,-7.81,0,-10.09,1,0,5,3.6,202,761,4.3
37.134,-14.06,-7.81,0,-10.08,1,0,5,3.59,202,760,4.3
37.193,-14.06,-7.81,0,-10.07,1,0,5,3.59,202,761,4.3
37.264,-14.06,-7.81,0,-10.07,1,0,5,3.58,202,758,4.3
37.317,-14.06,-7.81,0,-10.06,1,0,0,3.56,202,753,4.3
37.374,-14.06,-7.81,0,-10.07,1,0,5,3.56,202,752,4.3
37.446,-14.06,-7.81,0,-10.05,1,0,5,3.55,202,749,4.3
37.499,-14.06,-7.81,0,-10.06,1,0,4,3.55,202,748,4.3
37.554,-14.06,-7.81,0,-10.04,1,0,4,3.54,202,746,4.3
37.613,-14.06,-7.81,0,-10.04,1,0,4,3.54,202,744,4.3
37.673,-14.06,-7.81,0,-10.03,1,0,4,3.54,202,744,4.3
37.737,-14.06,-7.81,0,-10.02,1,0,4,3.54,202,743,4.3
37.793,-14.06,-7.81,0,-10.01,1,0,4,3.54,202,741,4.3
37.864,-14.06,-7.81,0,-10,1,0,4,3.53,202,738,4.3
37.917,-14.06,-7.81,0,-10,1,0,4,3.52,202,733,4.3
37.974,-14.06,-7.81,0,-9.99,1,0,4,3.54,202,736,4.3
38.034,-14.06,-7.81,0,-9.98,1,0,4,3.53,202,734,4.3
38.093,-14.06,-7.81,0,-9.97,1,0,4,3.53,202,732,4.3
38.163,-14.06,-7.81,0,-9.97,1,0,4,3.53,202,732,4.3
38.223,-14.06,-7.81,0,-9.95,1,0,3,3.54,202,733,3.9
38.287,-14.06,-7.81,0,-9.97,1,0,3,3.54,202,730,3.9
38.333,-13.28,-7.81,0,-9.94,1,0,3,3.54,202,730,3.9
38.393,-13.28,-7.81,0,-9.91,1,0,3,3.67,202,731,5.9
38.458,-13.28,-7.81,0,-9.74,1,0,3,3.88,202,733,5.9
38.514,-13.28,-7.81,0,-9.57,1,0,3,4.22,202,744,5.9
38.58,-13.28,-7.81,0,-9.41,1,0,3,4.52,202,759,5.9
38.634,-13.28,-7.81,0,-9.28,1,0,3,4.82,202,781,5.9
38.693,-13.28,-7.81,0,-9.19,1,0,2,5,202,801,5.5
38.765,-13.28,-7.81,0,-9.17,1,0,2,5.14,202,818,5.5
38.818,-13.28,-7.81,0,-9.16,1,0,2,5.13,202,816,5.5
38.872,-13.28,-7.81,0,-9.14,1,0,2,5.13,202,815,5.5
38.959,-13.28,-7.81,0,-9.14,1,0,2,5.16,202,815,5.5
39.017,-13.28,-7.81,0,-9.12,1,0,2,5.19,202,817,5.5
39.074,-13.28,-7.81,0,-9.13,1,0,2,5.23,202,821,5.5
39.139,-13.28,-7.81,0,-9.1,1,0,2,5.25,202,822,5.5
39.193,-13.28,-7.81,0,-9.11,1,0,0,5.28,202,827,5.5
39.252,-13.28,-7.81,0,-9.12,1,0,1,5.31,202,832,5.5
39.318,-13.28,-7.81,0,-9.11,1,0,1,5.32,202,834,5.5
39.373,-13.28,-7.81,0,-9.12,1,0,1,5.35,202,841,5.5
39.445,-13.28,-7.81,0,-9.14,1,0,1,5.33,202,839,5.5
39.498,-13.28,-7.81,0,-9.13,1,0,1,5.32,202,839,5.5
39.554,-13.28,-7.81,0,-9.14,1,0,1,5.3,202,838,5.5
39.625,-13.28,-7.81,0,-9.16,1,0,1,5.27,202,835,5.5
39.678,-13.28,-7.81,0,-9.16,1,0,1,5.26,202,835,5.5
39.733,-13.28,-7.81,0,-9.16,1,0,1,5.23,202,830,5.5
39.797,-13.28,-7.81,0,-9.18,1,0,1,5.21,202,829,5.5
39.854,-13.28,-7.81,0,-9.16,1,0,1,5.2,202,827,5.5
39.923,-13.28,-7.81,0,-9.16,1,0,1,5.18,202,823,5.5
39.977,-13.28,-7.81,0,-9.16,1,0,1,5.17,202,821,5.5
40.034,-13.28,-7.81,0,-9.14,1,0,0,5.12,202,816,5.1
40.093,-13.28,-7.81,0,-9.18,1,0,0,5.07,202,814,5.1
40.153,-13.28,-7.81,0,-9.2,1,0,0,5.03,202,814,5.1
40.218,-13.28,-7.81,0,-9.22,1,0,0,4.95,202,808,5.1
40.274,-13.28,-10.16,0,-9.25,1,0,0,4.91,202,805,5.1
40.332,-13.28,-17.19,0,-9.24,1,0,0,4.88,202,800,5.1
40.392,-13.28,-19.53,0,-9.25,1,0,0,4.86,202,794,5.5
40.455,-13.28,-23.44,0,-9.24,1,0,0,4.85,202,789,5.5
40.512,-13.28,-25,0,-9.2,1,0,0,4.81,202,772,5.5
40.571,-13.28,-26.56,0,-9.14,1,0,0,4.81,202,756,5.9
40.638,-13.28,-27.34,0,-9.06,1,0,0,4.8,202,739,5.9
40.696,-13.28,-28.91,0,-8.95,1,0,0,4.86,202,729,5.9
40.755,-13.28,-28.91,0,-8.83,1,0,0,4.97,202,702,6.3
40.814,-13.28,-28.91,0,-8.66,1,0,0,5.12,202,691,6.3
40.878,-13.28,-28.91,0,-8.5,1,0,0,5.32,202,674,6.3
40.934,-13.28,-28.91,0,-8.34,1,0,0,5.45,202,663,6.3
41.007,-13.28,-28.91,0,-8.18,1,0,0,5.6,202,660,6.3
41.053,-13.28,-28.91,0,-8.04,1,0,0,5.79,202,660,5.9
41.125,-12.5,-28.91,0,-7.93,1,0,0,5.88,202,668,5.9
41.178,-12.5,-28.91,0,-7.84,1,0,0,5.92,202,674,5.9
41.235,-11.72,-28.91,0,-7.8,1,0,0,5.99,202,687,5.9
41.292,-11.72,-28.91,0,-7.77,1,0,0,5.99,202,703,5.5
41.364,-11.72,-28.91,0,-7.78,1,0,0,5.93,202,708,5.5
41.418,-10.94,-28.91,0,-7.8,1,0,0,5.92,202,732,5.5
41.475,-10.16,-28.91,0,-7.85,1,0,0,5.85,202,744,5.5
41.534,-10.16,-28.91,0,-7.92,1,0,0,5.77,202,761,5.5
41.599,-9.38,-28.91,0,-8.01,1,0,0,5.7,202,777,5.1
41.657,-8.59,-28.91,0,-8.09,1,0,0,5.55,202,782,5.1
41.715,-8.59,-28.91,0,-8.21,1,0,0,5.42,202,788,5.1
41.774,-7.81,-28.91,0,-8.28,1,0,0,5.32,202,786,5.1
41.834,-7.81,-28.91,0,-8.38,1,0,0,5.19,202,775,5.5
41.907,-7.03,-28.91,0,-8.43,1,0,0,5.16,202,767,5.5
41.954,-7.03,-28.91,0,-8.45,1,0,0,5.14,202,758,5.9
42.018,-6.25,-28.91,0,-8.43,1,0,0,5.2,202,752,5.9
42.077,-6.25,-28.91,0,-8.41,1,0,0,5.29,202,753,5.9
42.133,-6.25,-28.91,0,-8.34,1,0,0,5.37,202,751,5.9
42.2,-5.47,-28.91,0,-8.31,1,0,0,5.5,202,753,5.9
42.252,-5.47,-28.91,0,-8.25,1,0,0,5.57,202,756,5.9
42.312,-4.69,-28.91,0,-8.23,1,0,0,5.63,202,758,5.9
42.388,-3.91,-28.91,0,-8.2,1,0,0,5.67,202,766,5.9
42.433,-3.91,-28.91,0,-8.21,1,0,0,5.69,202,769,5.9
42.486,-3.91,-28.91,0,-8.22,1,0,0,5.69,202,776,5.5
42.549,-3.12,-28.91,0,-8.25,1,0,0,5.67,202,783,5.5
42.607,-3.12,-28.91,0,-8.28,1,0,0,5.64,202,789,5.5
42.663,-3.12,-28.91,0,-8.32,1,0,0,5.6,202,797,5.5
42.749,-2.34,-28.91,0,-8.39,1,0,0,5.51,202,802,5.5
42.803,-2.34,-28.91,0,-8.47,1,0,0,5.44,202,801,5.5
42.876,-1.56,-28.91,0,-8.51,1,0,0,5.4,202,800,5.5
42.929,-1.56,-28.91,0,-8.57,1,0,0,5.35,202,794,5.5
42.987,-1.56,-28.91,0,-8.61,1,0,0,5.36,202,795,5.5
43.042,-1.56,-28.91,0,-8.6,1,0,0,5.35,202,790,5.5
43.13,-0.78,-28.91,0,-8.6,1,0,0,5.38,202,792,5.9
43.184,-0.78,-28.91,0,-8.61,1,0,0,5.41,202,793,5.9
43.256,-0.78,-28.91,0,-8.59,1,0,0,5.41,202,788,5.5
43.309,-0.78,-28.91,0,-8.58,1,0,0,5.45,202,788,5.9
43.363,0,-28.91,0,-8.56,1,0,0,5.47,202,787,5.9
43.424,0,-28.91,0,-8.54,1,0,0,5.51,202,791,5.9
43.483,0,-28.91,0,-8.55,1,0,0,5.54,202,799,5.5
43.555,0.78,-28.91,0,-8.56,1,0,0,5.54,202,801,5.5
43.608,0.78,-28.91,0,-8.58,1,0,0,5.57,202,808,5.5
43.667,0.78,-28.91,0,-8.62,1,0,0,5.56,202,812,5.5
43.722,0.78,-28.91,0,-8.64,1,0,0,5.57,202,815,5.5
43.795,0.78,-28.91,0,-8.67,1,0,0,5.57,202,819,5.5
43.848,1.56,-28.91,0,-8.71,1,0,0,5.53,202,817,5.5
43.905,1.56,-28.91,0,-8.72,1,0,0,5.52,202,817,5.5
43.964,1.56,-28.91,0,-8.75,1,0,0,5.48,202,813,5.5
44.036,1.56,-28.91,0,-8.76,1,0,0,5.45,202,812,5.5
44.089,1.56,-28.91,0,-8.76,1,0,0,5.44,202,812,5.5
44.144,2.34,-28.91,0,-8.77,1,0,0,5.45,202,811,5.5
44.204,2.34,-28.91,0,-8.76,1,0,0,5.46,202,812,5.5
44.264,2.34,-28.91,0,-8.76,1,0,0,5.42,202,805,5.5
44.327,2.34,-28.91,0,-8.76,1,0,0,5.44,202,806,5.5
44.396,2.34,-28.91,0,-8.74,1,0,0,5.46,202,807,5.5
44.449,2.34,-28.91,0,-8.76,1,0,0,5.47,202,807,5.5
44.503,2.34,-28.91,0,-8.75,1,0,0,5.47,202,809,5.5
44.575,3.12,-28.91,0,-8.75,1,0,0,5.44,202,806,5.5
44.631,3.12,-28.91,0,-8.76,1,0,0,5.47,202,810,5.5
44.686,3.12,-28.91,0,-8.75,1,0,0,5.49,202,813,5.5
44.741,3.12,-28.91,0,-8.77,1,0,0,5.49,202,814,5.5
44.815,3.12,-28.91,0,-8.79,1,0,0,5.48,202,814,5.5
44.888,3.12,-28.91,0,-8.81,1,0,0,5.47,202,815,5.5
44.944,3.91,-28.91,0,-8.81,1,0,0,5.46,202,816,5.5
45.026,3.91,-28.91,0,-8.82,1,0,0,5.45,202,815,5.5
45.09,3.91,-28.91,0,-8.82,1,0,0,5.44,202,815,5.5
45.145,3.91,-28.91,0,-8.84,1,0,0,5.42,202,813,5.5
45.217,3.91,-28.91,0,-8.84,1,0,0,5.44,202,815,5.5
45.282,4.69,-28.91,0,-8.84,1,0,0,5.44,202,816,5.5
45.325,4.69,-28.91,0,-8.86,1,0,0,5.42,202,814,5.5
45.391,4.69,-28.91,0,-8.85,1,0,0,5.42,202,815,5.5
45.444,4.69,-28.91,0,-8.86,1,0,0,5.42,202,815,5.5
45.512,5.47,-28.91,0,-8.87,1,0,0,5.42,202,816,5.5
45.565,5.47,-28.91,0,-8.86,1,0,0,5.41,202,815,5.5
45.635,5.47,-28.91,0,-8.88,1,0,0,5.39,202,813,5.5
45.689,5.47,-28.91,0,-8.88,1,0,0,5.4,202,814,5.5
45.745,5.47,-28.91,0,-8.87,1,0,0,5.38,202,812,5.5
45.816,5.47,-28.91,0,-8.89,1,0,0,5.39,202,812,5.5
45.871,5.47,-28.91,0,-8.87,1,0,0,5.38,202,812,5.5
45.925,6.25,-28.91,0,-8.87,1,0,0,5.37,202,810,5.5
45.989,6.25,-28.91,0,-8.88,1,0,0,5.37,202,809,5.5
46.044,6.25,-28.91,0,-8.87,1,0,0,5.35,202,806,5.5
46.111,6.25,-28.91,0,-8.88,1,0,0,5.35,202,806,5.5
46.185,6.25,-28.91,0,-8.87,1,0,0,5.33,202,802,5.5
46.259,7.03,-28.91,0,-8.87,1,0,0,5.33,202,802,5.5
46.313,7.03,-28.91,0,-8.86,1,0,0,5.33,202,801,5.5
46.386,7.03,-28.91,0,-8.84,1,0,0,5.34,202,802,5.5
46.459,7.03,-28.91,0,-8.84,1,0,0,5.36,202,804,5.5
46.513,7.03,-28.91,0,-8.86,1,0,0,5.38,202,806,5.5
46.589,7.81,-28.91,0,-8.86,1,0,0,5.39,202,809,5.5
46.652,7.81,-28.91,0,-8.86,1,0,0,5.41,202,812,5.5
46.726,7.81,-28.91,0,-8.87,1,0,0,5.42,202,815,5.5
46.799,7.81,-28.91,0,-8.88,1,0,0,5.4,202,813,5.5
46.856,7.81,-28.91,0,-8.88,1,0,0,5.41,202,818,5.5
46.924,8.59,-28.91,0,-8.91,1,0,0,5.39,202,818,5.5
46.977,8.59,-28.91,0,-8.9,1,0,0,5.39,202,820,5.5
47.034,8.59,-28.91,0,-8.93,1,0,0,5.36,202,817,5.5
47.112,8.59,-28.91,0,-8.93,1,0,0,5.37,202,817,5.5
47.172,8.59,-28.91,0,-8.92,1,0,0,5.42,202,821,5.5
47.257,8.59,-28.91,0,-8.91,1,0,0,5.45,202,826,5.5
47.312,9.38,-28.91,0,-8.91,1,0,0,5.46,202,827,5.5
47.398,9.38,-28.91,0,-8.92,1,0,0,5.47,202,831,5.5
47.452,9.38,-28.91,0,-8.93,1,0,0,5.48,202,834,5.5
47.538,9.38,-28.91,0,-8.95,1,0,0,5.49,202,839,5.5
47.593,9.38,-28.91,0,-8.96,1,0,0,5.5,202,843,5.5
47.679,9.38,-28.91,0,-9,1,0,0,5.48,202,844,5.5
47.733,9.38,-28.91,0,-9.01,1,0,0,5.47,202,845,5.5
47.819,9.38,-28.91,0,-9.04,1,0,0,5.42,202,840,5.9
47.873,9.38,-28.91,0,-9.03,1,0,0,5.43,202,839,5.9
47.96,9.38,-26.56,3.5,-8.99,1,0,0,5.47,202,832,6.7
48.015,10.16,-19.53,3.5,-8.88,1,0,0,5.58,202,825,6.7
48.078,9.38,-16.41,3.5,-8.74,1,0,0,5.7,202,817,6.7
48.138,10.16,-12.5,3.5,-8.58,1,0,0,5.78,202,810,6.7
48.201,10.16,-10.94,3.5,-8.45,1,0,0,5.84,202,802,6.7
48.259,10.16,-9.38,3.5,-8.33,1,0,0,6,202,799,6.7
48.317,10.16,-8.59,3.5,-8.22,1,0,0,6.07,202,794,6.3
48.374,10.16,-7.81,3.1,-8.13,1,0,0,6.22,202,790,7.1
48.442,10.16,-7.81,2.7,-7.94,1,0,0,6.53,202,783,8.3
48.528,9.38,-7.81,3.1,-7.62,1,0,0,7.07,201,777,9.4
48.584,9.38,-7.81,3.5,-7.29,1,0,0,7.56,201,781,9.4
48.671,8.59,-7.81,4.3,-6.72,1,0,0,8.64,201,788,9.4
48.725,8.59,-7.81,5.9,-6.38,1,0,0,9.22,201,810,9.8
48.791,7.81,-7.81,7.8,-5.98,1,0,0,10.07,201,831,10.2
48.844,5.47,-7.81,10.2,-5.54,1,0,0,10.78,202,866,11.8
48.928,4.69,-7.81,12.2,-4.99,1,0,0,12.1,202,892,12.2
48.984,2.34,-7.81,13.7,-4.5,1,0,0,13.78,202,959,13
49.062,-0.78,-7.81,12.9,-4.09,1,0,0,15.16,202,1028,13.4
49.125,-3.91,-7.81,11.4,-3.84,1,0,0,16.13,202,1125,13.4
49.182,-3.91,-7.81,11,-3.76,1,0,0,17.13,202,1172,14.2
49.268,-3.91,-7.81,11.4,-3.71,1,0,0,18.16,202,1253,15
49.323,-3.12,-7.81,12.2,-3.68,1,0,0,19.05,202,1321,15.7
49.402,-3.12,-7.81,11.8,-3.59,1,0,0,19.97,202,1376,15.7
49.466,-2.34,-7.81,11.8,-3.56,1,0,0,20.85,201,1450,16.1
49.519,-1.56,-7.81,11.4,-3.55,1,0,0,21.47,201,1506,16.5
49.577,-0.78,-7.81,10.6,-3.56,1,0,0,22.09,201,1565,16.5
49.636,-0.78,-7.81,8.2,-3.64,1,0,0,22.19,201,1622,15.7
49.707,-0.78,-7.81,7.8,-4.04,1,0,0,20.7,201,1667,13.4
49.762,-0.78,-7.81,7.8,-4.46,1,0,0,19.74,201,1699,13.4
49.815,-1.56,-7.81,7.8,-4.71,1,0,0,19.04,202,1703,13.8
49.873,-1.56,-7.81,7.8,-4.82,1,0,0,18.74,202,1704,14.2
49.959,-2.34,-7.81,7.1,-4.81,1,0,0,18.21,202,1688,13.4
50.015,-2.34,-7.81,7.1,-4.89,1,0,0,17.32,202,1662,13
50.073,-2.34,-7.81,7.1,-4.94,1,0,0,16.71,202,1632,13
50.16,-2.34,-7.81,6.7,-4.88,1,0,0,16.12,201,1579,13
50.213,-2.34,-7.81,0,-4.87,1,0,0,15.34,201,1521,9.1
50.3,-2.34,-7.81,0,-5.46,1,0,0,12.64,201,1478,7.1
50.36,-2.34,-7.81,0,-6.1,1,0,0,10.07,201,1443,7.1
50.416,-2.34,-7.81,0,-6.87,1,0,0,8.67,201,1424,5.9
50.473,-3.12,-7.81,0,-7.61,1,0,0,7.42,201,1406,5.5
50.561,-3.12,-7.81,0,-8.44,1,0,0,6.22,201,1362,5.1
50.614,-3.12,-7.81,0,-8.88,1,0,1,5.51,201,1322,5.5
50.7,-3.91,-7.81,0,-9.38,1,0,1,4.94,201,1217,5.5
50.756,-3.91,-7.81,0,-9.56,1,0,1,4.64,201,1146,5.9
50.828,-3.91,-7.81,0,-9.62,1,0,1,4.52,201,1064,6.3
50.872,-3.91,-7.81,0,-9.59,1,0,1,4.42,201,1003,6.3
50.936,-3.91,-7.81,0,-9.52,1,0,1,4.3,201,917,6.3
50.992,-3.91,-7.81,0,-9.4,1,0,1,4.24,201,848,6.3
51.048,-3.91,-7.81,0,-9.29,1,0,1,4.02,202,796,6.3
51.105,-3.91,-7.81,0,-9.09,1,0,1,4.1,202,751,6.7
51.178,-3.91,-7.81,0,-8.92,1,0,1,4.33,202,736,6.7
51.244,-3.91,-7.81,0,-8.65,1,0,1,4.67,202,726,7.1
51.287,-3.12,-7.81,0,-8.44,1,0,1,5,202,729,6.7
51.344,-3.12,-7.81,0,-8.16,1,0,1,5.31,202,734,6.7
51.422,-3.12,-7.81,0,-8.02,1,0,1,5.65,202,759,6.3
51.482,-3.12,-7.81,0,-7.94,1,0,1,5.81,202,789,5.5
51.569,-3.12,-7.81,0,-7.99,1,0,1,5.77,202,806,5.5
51.623,-3.12,-7.81,0,-8.08,1,0,1,5.52,202,795,5.5
51.698,-3.12,-7.81,0,-8.14,1,0,1,5.41,202,784,5.5
51.752,-3.12,-7.81,0,-8.19,1,0,1,5.28,202,761,5.9
51.809,-3.12,-7.81,0,-8.17,1,0,1,5.28,202,747,6.3
51.866,-3.12,-7.81,0,-8.11,1,0,1,5.34,202,724,6.3
51.923,-3.12,-7.81,0,-7.98,1,0,1,5.43,202,706,6.7
52.008,-3.12,-7.81,0,-7.78,1,0,1,5.69,202,687,7.1
52.072,-3.12,-7.81,0,-7.58,1,0,1,5.93,202,686,7.1
52.127,-3.12,-7.81,0,-7.41,1,0,1,6.32,202,695,6.7
52.183,-3.12,-7.81,0,-7.26,1,0,1,6.5,202,708,6.3
52.269,-3.91,-7.81,0,-7.17,1,0,1,6.75,202,735,8.7
52.325,-3.91,-7.81,0,-6.98,1,0,1,7.3,202,763,7.1
52.397,-3.91,-7.81,0,-6.87,1,0,1,7.65,202,812,5.5
52.451,-3.91,-7.81,0,-7.03,1,0,1,7.94,202,896,5.1
52.505,-4.69,-7.81,0,-7.33,1,0,1,7.72,202,961,5.1
52.562,-5.47,-7.81,0,-7.68,1,0,1,7.45,202,1010,5.1
52.626,-5.47,-7.81,0,-8.02,1,0,1,7.11,202,1044,5.1
52.698,-6.25,-7.81,0,-8.35,1,0,1,6.73,202,1060,5.1
52.743,-6.25,-7.81,0,-8.66,1,0,1,6.48,202,1071,5.5
52.806,-7.03,-7.81,0,-8.89,1,0,1,6.2,202,1072,5.5
52.864,-7.03,-7.81,0,-9.09,1,0,1,6.03,202,1068,5.5
52.938,-7.81,-7.81,0,-9.23,1,0,1,5.9,202,1059,5.9
52.983,-7.81,-7.81,0,-9.35,1,0,1,5.79,202,1046,5.9
53.046,-8.59,-7.81,0,-9.41,1,0,1,5.68,202,1026,5.9
53.105,-8.59,-7.81,0,-9.45,1,0,1,5.59,202,1009,5.9
53.171,-8.59,-7.81,0,-9.48,1,0,1,5.52,202,989,5.9
53.225,-8.59,-7.81,0,-9.47,1,0,1,5.48,202,973,5.9
53.297,-8.59,-7.81,0,-9.46,1,0,1,5.49,202,960,6.3
53.351,-9.38,-7.81,0,-9.42,1,0,1,5.5,202,947,6.3
53.407,-9.38,-7.81,0,-9.38,1,0,1,5.49,202,933,6.3
53.48,-9.38,-7.81,0,-9.33,1,0,1,5.53,202,927,6.3
53.524,-9.38,-7.81,0,-9.28,1,0,1,5.56,202,919,6.3
53.587,-9.38,-7.81,0,-9.23,1,0,1,5.56,202,908,6.3
53.657,-10.16,-7.81,0,-9.19,1,0,1,5.6,202,904,5.9
53.709,-10.16,-7.81,0,-9.16,1,0,1,5.62,202,898,5.9
53.767,-10.16,-7.81,0,-9.14,1,0,1,5.66,202,898,5.9
53.824,-10.16,-7.81,0,-9.1,1,0,1,5.66,202,894,5.9
53.898,-10.16,-7.81,0,-9.09,1,0,1,5.65,202,889,5.9
53.969,-10.16,-7.81,0,-9.08,1,0,1,5.64,202,886,5.9
54.026,-10.16,-7.81,0,-9.06,1,0,1,5.63,202,881,5.9
54.084,-10.16,-7.81,0,-9.05,1,0,0,5.59,202,875,5.9
54.158,-10.94,-7.81,0,-9.05,1,0,0,5.58,202,874,5.9
54.202,-10.94,-7.81,0,-9.04,1,0,0,5.58,202,874,5.9
54.262,-10.94,-7.81,0,-9.02,1,0,0,5.56,202,871,5.9
54.348,-10.94,-7.81,0,-9.02,1,0,0,5.56,202,871,5.5
54.406,-10.94,-7.81,0,-9.01,1,0,0,5.56,202,871,5.5
54.474,-10.94,-7.81,0,-9.01,1,0,0,5.59,202,876,5.5
54.528,-10.94,-7.81,0,-9.03,1,0,0,5.57,202,875,5.5
54.583,-10.94,-11.72,0,-9.05,1,0,0,5.55,202,876,5.5
54.646,-10.94,-18.75,0,-9.05,1,0,0,5.52,202,874,5.5
54.718,-10.94,-21.09,0,-9.06,1,0,0,5.45,202,867,5.5
54.764,-10.94,-24.22,0,-9.08,1,0,0,5.36,202,856,5.5
54.831,-10.94,-25.78,0,-9.06,1,0,0,5.23,202,835,5.5
54.888,-10.94,-27.34,0,-9.04,1,0,0,5.14,202,818,5.5
54.947,-11.72,-28.12,0,-9.02,1,0,0,5.06,202,799,5.9
55.006,-11.72,-28.91,0,-8.96,1,0,0,5.06,202,785,5.9
55.071,-11.72,-28.91,0,-8.89,1,0,0,5.1,202,770,5.9
55.126,-11.72,-28.91,0,-8.77,1,0,0,5.15,202,756,6.3
55.199,-11.72,-28.91,0,-8.66,1,0,0,5.32,202,746,6.3
55.243,-11.72,-28.91,0,-8.5,1,0,0,5.45,201,739,6.7
55.307,-11.72,-28.91,0,-8.35,1,0,0,5.68,201,737,6.7
55.366,-11.72,-28.91,0,-8.2,1,0,0,5.86,201,745,6.3
55.423,-11.72,-28.91,0,-8.09,1,0,0,6.03,201,748,6.3
55.499,-10.94,-28.91,0,-8.02,1,0,0,6.11,201,761,5.9
55.545,-10.94,-28.91,0,-8.01,1,0,0,6.15,201,775,5.9
55.608,-10.16,-28.91,0,-8.02,1,0,0,6.11,201,787,5.5
55.665,-10.16,-28.91,0,-8.08,1,0,0,6.09,201,810,5.5
55.737,-9.38,-28.91,0,-8.18,1,0,0,5.99,201,823,5.5
55.785,-7.81,-28.91,0,-8.26,1,0,0,5.93,201,832,5.5
55.851,-7.81,-28.91,0,-8.37,1,0,0,5.78,201,837,5.5
55.906,-7.81,-28.91,0,-8.47,1,0,0,5.7,201,838,5.5
55.977,-7.03,-28.91,0,-8.53,1,0,0,5.66,201,839,5.5
56.046,-6.25,-28.91,0,-8.58,1,0,0,5.53,201,827,5.5
56.088,-5.47,-28.91,0,-8.62,1,0,0,5.47,201,821,5.5
56.145,-5.47,-28.91,0,-8.62,1,0,0,5.45,201,814,5.9
56.215,-5.47,-28.91,0,-8.64,1,0,0,5.46,202,811,5.9
56.271,-4.69,-28.91,0,-8.62,1,0,0,5.52,202,814,5.9
56.324,-4.69,-28.91,0,-8.6,1,0,0,5.5,202,808,5.9
56.387,-3.91,-28.91,0,-8.61,1,0,0,5.55,202,809,5.9
56.445,-3.91,-28.91,0,-8.58,1,0,0,5.58,202,813,5.9
56.517,-3.12,-28.91,0,-8.58,1,0,0,5.63,201,815,5.9
56.563,-3.12,-28.91,0,-8.58,1,0,0,5.66,201,817,5.9
56.632,-3.12,-28.91,0,-8.56,1,0,0,5.68,201,818,5.9
56.687,-2.34,-28.91,0,-8.58,1,0,0,5.71,201,823,5.9
56.745,-2.34,-28.91,0,-8.59,1,0,0,5.73,201,829,5.9
56.818,-1.56,-28.91,0,-8.59,1,0,0,5.76,201,832,5.9
56.862,-1.56,-28.91,0,-8.61,1,0,0,5.77,201,836,5.5
56.924,-1.56,-28.91,0,-8.61,1,0,0,5.74,201,834,5.5
56.996,-0.78,-28.91,0,-8.61,1,0,0,5.77,201,839,5.5
57.049,-0.78,-28.91,0,-8.64,1,0,0,5.73,201,838,5.5
57.107,-0.78,-28.91,0,-8.64,1,0,0,5.76,201,842,5.5
57.176,-0.78,-28.91,0,-8.66,1,0,0,5.73,201,841,5.5
57.229,0,-28.91,0,-8.67,1,0,0,5.65,201,833,5.5
57.288,0,-28.91,0,-8.67,1,0,0,5.51,201,813,5.9
57.343,0,-28.91,0,-8.66,1,0,0,5.39,201,789,5.9
57.418,0,-28.91,0,-8.63,1,0,0,5.31,201,738,6.3
57.463,0,-28.91,0,-8.44,1,0,0,5.48,201,704,8.3
57.526,0.78,-28.91,0,-7.92,1,0,0,6.33,201,639,10.6
57.585,1.56,-28.91,0,-6.94,1,0,0,9.53,201,602,16.5
57.643,1.56,-28.91,0,-5.53,1,0,0,10.03,201,558,14.6
57.711,1.56,-28.91,0,-4.29,1,0,0,9.64,201,529,12.6
57.766,1.56,-28.91,0,-3.41,1,0,0,9.76,202,551,12.2
57.832,2.34,-28.91,0,-2.77,1,0,0,10.87,202,588,12.6
57.885,3.12,-28.91,0,-2.18,1,0,0,12.02,202,627,16.1
57.943,2.34,-28.91,0,-1.86,1,0,0,14.14,202,754,11
58.006,0.78,-28.91,0,-2.15,1,0,0,14.9,202,904,5.9
58.065,-1.56,-28.91,0,-3.03,1,0,0,14.83,202,1101,5.9
58.123,-2.34,-26.56,0,-4.08,1,0,0,12.66,201,1140,6.3
58.186,-3.12,-22.66,0,-5.14,1,0,0,11.13,201,1156,6.7
58.245,-3.12,-16.41,0,-5.97,1,0,0,10.33,201,1160,7.1
58.303,-3.12,-14.06,0,-6.46,1,0,0,9.66,201,1183,7.5
58.363,-2.34,-10.94,0,-6.96,1,0,0,9.29,201,1192,7.5
58.426,-2.34,-10.16,0,-7.33,1,0,0,9.04,201,1222,7.5
58.484,0,-8.59,0,-7.61,1,0,0,8.95,201,1236,7.5
58.547,0.78,-7.81,0,-7.93,1,0,0,8.86,201,1260,7.5
58.606,0.78,-7.81,0,-8.13,1,0,0,8.81,201,1273,7.5
58.677,1.56,-7.81,0,-8.31,1,0,0,8.79,201,1297,7.5
58.746,1.56,-7.81,0,-8.48,1,0,0,8.67,201,1301,7.5
58.789,1.56,-7.81,0,-8.63,1,0,0,8.52,201,1307,7.1
58.845,1.56,-7.81,0,-8.8,1,0,0,8.44,201,1331,7.1
58.918,1.56,-7.81,0,-8.95,1,0,0,8.44,201,1359,7.1
58.972,0.78,-7.81,0,-9.09,1,0,0,8.36,201,1378,6.7
59.025,0.78,-7.81,0,-9.27,1,0,0,8.14,201,1398,6.3
59.088,0.78,-7.81,0,-9.44,1,0,0,7.88,201,1413,6.3
59.143,0,-7.81,0,-9.63,1,0,0,7.57,201,1420,6.3
59.203,0,-7.81,0,-9.89,1,0,0,7.15,201,1459,4.7
59.263,0,-7.81,0,-10.18,1,0,0,6.86,201,1491,4.7
59.343,-0.78,-7.81,0,-10.43,1,0,0,6.45,201,1519,4.7
59.412,-0.78,-7.81,0,-10.74,1,0,0,6.02,202,1538,4.3
59.467,-0.78,-7.81,0,-10.94,1,0,0,5.64,202,1547,4.3
59.523,-1.56,-7.81,0,-11.09,1,0,0,5.31,202,1551,4.3
59.593,-2.34,-7.81,0,-11.24,1,0,0,4.92,202,1547,3.9
59.656,-2.34,-7.81,0,-11.37,1,0,0,4.63,202,1536,3.9
59.713,-3.12,-7.81,0,-11.45,1,0,0,4.34,201,1516,3.9
59.773,-3.12,-7.81,0,-11.52,1,0,0,4.09,201,1493,3.9
59.847,-3.91,-7.81,0,-11.58,1,0,0,3.89,201,1470,3.9
59.917,-3.91,-7.81,0,-11.6,1,0,0,3.7,201,1442,3.9
59.96,-4.69,-7.81,0,-11.63,1,0,0,3.53,201,1410,3.9
60.019,-4.69,-7.81,0,-11.65,1,0,0,3.38,202,1376,3.9
60.076,-5.47,-7.81,0,-11.66,1,0,0,3.24,202,1337,3.9
60.134,-5.47,-7.81,0,-11.66,1,0,0,3.15,202,1302,3.9
60.2,-6.25,-7.81,0,-11.66,1,0,0,3.05,202,1262,3.9
60.261,-6.25,-7.81,0,-11.65,1,0,0,3.03,202,1241,3.9
60.317,-6.25,-7.81,0,-11.61,1,0,0,2.94,202,1198,3.9
60.373,-6.25,-7.81,0,-11.58,1,0,0,2.9,202,1158,3.9
60.448,-6.25,-7.81,0,-11.52,1,0,0,2.83,202,1104,4.3
60.515,-6.25,-7.81,0,-11.44,1,0,0,2.71,202,1019,4.3
60.557,-7.03,-11.72,0,-11.34,1,0,0,2.67,202,960,4.3
60.621,-7.03,-15.62,0,-11.24,1,0,0,2.66,202,910,4.3
60.679,-7.03,-21.09,0,-11.11,1,0,0,2.68,202,849,4.7
60.736,-7.03,-22.66,0,-10.95,1,0,0,2.69,202,786,4.7
60.794,-7.03,-25.78,0,-10.78,1,0,0,2.76,202,729,5.1
60.858,-7.03,-26.56,0,-10.57,1,0,0,2.89,202,681,5.5
60.915,-7.03,-28.12,0,-10.28,1,0,0,2.94,202,619,5.5
60.974,-7.03,-28.91,0,-10.03,1,0,0,3.11,202,603,5.5
61.033,-7.03,-28.91,0,-9.79,1,0,0,3.28,202,597,5.1
61.102,-7.03,-28.91,0,-9.59,1,0,0,3.48,202,597,5.1
61.158,-7.03,-28.91,0,-9.42,1,0,0,3.64,202,596,4.7
61.213,-7.03,-28.91,0,-9.28,1,0,0,3.83,202,608,5.1
61.288,-7.03,-28.91,0,-9.18,1,0,0,4,202,625,4.7